Ticker,Description,Price,Change %,Change,High,Low,Volume,Volume 24h in -usd,Volume 24h Change %,Technical Rating,Exchange
ETH-usd,Ether / United States Dollar,1251.31,0.86491802,10.73,1253.36,1240.27,10899.91054644,282312529.6215045,-29.6730453,Sell,COINBASE
BTC-usd,Bitcoin / United States Dollar,16947.72,0.37145395,62.72,16968.39,16882.86,976.03046415,233241093.8084546,-41.10075266,Neutral,COINBASE
DOGE-usd,Dogecoin / United States Dollar,0.10145,1.76547297,0.00176,0.10249,0.09954,40707602.00000008,42739560.80652805,-5.83751836,Buy,COINBASE
-usdT-usd,Tether / United States Dollar,1.00008,-0.00299967,-0.00003,1.00011,1.00005,884406.42,22853538.18459583,-54.62343528,Buy,COINBASE
ETH-usdT,Ether / Tether,1251.28,0.80074758,9.94,1253.15,1240.4,1148.70102372,21459851.58957141,-45.41066402,Sell,COINBASE
MATIC-usd,Polygon / United States Dollar,0.9119,1.03035675,0.0093,0.9129,0.9013,965059.9,20190435.03647016,-52.5422426,Buy,COINBASE
BTC-usdT,Bitcoin / Tether,16942.21,0.34969736,59.04,16968.12,16881.32,31.56264148,15743199.67479067,-38.28712524,Sell,COINBASE
LINK-usd,Chainlink / United States Dollar,7.294,0.8154803,0.059,7.305,7.228,46158.17,13827962.84571018,-40.82853938,Buy,COINBASE
ADA-usd,Cardano / United States Dollar,0.3212,0.50062578,0.0016,0.3233,0.3195,2088791.43,10583625.06099709,-10.28359199,Sell,COINBASE
LTC-usd,Litecoin / United States Dollar,76.96,0.7066213,0.54,77.22,76.39,11087.31142533,9769271.89656121,-33.34147744,Buy,COINBASE
SOL-usd,Solana / United States Dollar,13.48,1.42964635,0.19,13.5,13.27,42572.026,8982253.42018007,-44.00605856,Sell,COINBASE
SHIB-usd,Shiba Inu / United States Dollar,0.00000925,0.54347826,5e-8,0.00000928,0.00000918,23831444281.999996,8074278.37707185,-10.1884567,Sell,COINBASE
YFII-usd,DFI.Money / United States Dollar,1337.28,-0.12099485,-1.62,1363.1,1282.73,664.58686606,7095035.00450769,504.05869283,Sell,COINBASE
AVAX-usd,Avalanche / United States Dollar,13.57,1.19313945,0.16,13.67,13.4,15871.528,5494805.51292001,-23.88453466,Sell,COINBASE
ALGO-usd,Algorand / United States Dollar,0.2381,0.16827934,0.0004,0.2383,0.2368,546999.9,5063719.37630002,-10.87839076,Sell,COINBASE
ETHEUR,Ether / Euro,1189.1,0.81048544,9.56,1193.05,1178.42,348.40235898,5024239.66504066,-1.1408499,Sell,COINBASE
UNI-usd,Uniswap / United States Dollar,6.152,0.96832431,0.059,6.166,6.092,26037.338733,4927022.56260192,-67.20382375,Buy,COINBASE
XLM-usd,Stellar / United States Dollar,0.086497,0.22130559,0.000191,0.086654,0.086065,1538083,3542272.63869602,-34.49724446,Sell,COINBASE
ATOM-usd,Cosmos / United States Dollar,10.073,0.47880299,0.048,10.086,10.021,22937.52,3504025.46129997,-1.93378424,Sell,COINBASE
QNT-usd,Quant / United States Dollar,127.02,0.52231719,0.66,127.49,125.16,2762.559,3111516.66378,-50.26801744,Neutral,COINBASE
DOT-usd,Polkadot / United States Dollar,5.528,0.58224163,0.032,5.549,5.491,26308.483,3055244.77281199,-43.36672675,Sell,COINBASE
BTRST-usd,Braintrust / United States Dollar,1.134,5.58659218,0.06,1.165,1.06,57784.56,2824968.79141,122.12729097,Neutral,COINBASE
ETHBTC,Ether / Bitcoin,0.07383,0.43531492,0.00032,0.07392,0.07349,105.10096385,2626567.87370164,-18.59409839,Buy,COINBASE
ICP-usd,Internet Computer / United States Dollar,4.184,1.11164814,0.046,4.191,4.132,13642.2601,2491000.72735811,-53.22697509,Neutral,COINBASE
APE-usd,ApeCoin / United States Dollar,3.916,1.08415075,0.042,3.932,3.872,66000.9,2356275.36971999,-18.43961146,Neutral,COINBASE
FIL-usd,Filecoin / United States Dollar,4.458,0.72300045,0.032,4.463,4.421,54249.58,2353442.131289,-49.72675481,Sell,COINBASE
GALA-usd,Gala / United States Dollar,0.02494,0.12043356,0.00003,0.02497,0.02484,2653095,2264722.82158,-50.91713745,Sell,COINBASE
VGX-usd,Voyager Token / United States Dollar,0.4406,0.70857143,0.0031,0.4536,0.4372,440401.99,2172069.95076497,187.73152136,Buy,COINBASE
BAND-usd,Band Protocol / United States Dollar,2.123,-0.97947761,-0.021,2.164,2.122,31718.71,2153093.89378001,-25.98662968,Buy,COINBASE
JASMY-usd,JasmyCoin / United States Dollar,0.00412,0.243309,0.00001,0.00416,0.00408,32690013,2138723.76230001,-53.81170121,Sell,COINBASE
BTCEUR,Bitcoin / Euro,16103.51,0.37210613,59.7,16118.14,16040.56,1.78237926,2102316.42700153,-50.75440599,Sell,COINBASE
ETHGBP,Ether / British Pound,1020.29,0.88197198,8.92,1020.7,1010.81,27.47292391,2011506.45407027,61.97243013,Sell,COINBASE
MASK-usd,Mask Network / United States Dollar,3.78,0,0,3.82,3.75,48180.87,1966004.00289999,-18.1174341,Buy,COINBASE
DOGEEUR,Dogecoin / Euro,0.0964,1.79514256,0.0017,0.0973,0.0947,1105317.4,1746423.60773276,19.89985795,Buy,COINBASE
CHZ-usd,Chiliz / United States Dollar,0.1662,0.66626287,0.0011,0.1662,0.1651,308789.5,1723345.29563998,-65.16763253,Sell,COINBASE
AAVE-usd,Aave / United States Dollar,63.12,0.57361377,0.36,63.19,62.65,970.484,1600516.57431998,-35.22597985,Neutral,COINBASE
CBETH-usd, / United States Dollar,1201.13,0.82261002,9.8,1202.8,1190.62,72.89478,1515446.0895925,-54.89037598,Sell,COINBASE
MKR-usd,Maker / United States Dollar,640.48,0.0703092,0.45,641.32,640,427.733322,1494334.08105128,-29.74380621,Sell,COINBASE
DOGE-usdT,Dogecoin / Tether,0.1015,1.90763052,0.0019,0.1024,0.0999,2457216,1467919.64326425,3.47027218,Buy,COINBASE
GST-usd,Green Satoshi Token / United States Dollar,0.025196,-0.70541872,-0.000179,0.026668,0.024972,4620986.51,1408318.53040145,1185.64999102,Buy,COINBASE
BCH-usd,Bitcoin Cash / United States Dollar,110.5,0.74762947,0.82,110.72,109.59,589.72812947,1385943.22957635,-42.06072478,Sell,COINBASE
YFI-usd,yearn.finance / United States Dollar,6687,0.84269324,55.88,6701.26,6627.07,10.298975,1318573.12759497,-32.5210157,Neutral,COINBASE
SUSHI-usd,SushiSwap / United States Dollar,1.3342,0.54257724,0.0072,1.3349,1.3256,25089.41,1231765.884142,-20.60063037,Buy,COINBASE
ADAEUR,Cardano / Euro,0.3051,0.49407115,0.0015,0.307,0.3038,141295.53,1083021.10458847,8.85661902,Sell,COINBASE
MANA-usd,Decentraland / United States Dollar,0.4092,0.76335878,0.0031,0.41,0.4054,149898.73,1057581.592164,-58.81800447,Sell,COINBASE
QI-usd,Benqi / United States Dollar,0.008822,2.55754476,0.00022,0.008881,0.008523,2186312,1048468.467087,145.64157972,Strong Buy,COINBASE
DOGEBTC,Dogecoin / Bitcoin,0.00000599,1.52542373,9e-8,0.00000604,0.0000059,964391.8,1037252.31447861,20.66790046,Strong Buy,COINBASE
LRC-usd,Loopring / United States Dollar,0.2534,-0.27548209,-0.0007,0.2561,0.2534,262779.574955,1027363.26645932,-11.26502315,Sell,COINBASE
DOGEGBP,Dogecoin / British Pound,0.0826,1.72413793,0.0014,0.0834,0.0814,496575.9,1007981.62808422,1.29734682,Buy,COINBASE
-usdTEUR,Tether / Euro,0.95032,0.01578665,0.00015,0.95039,0.95013,11882.58,904952.51109556,-88.56730578,Sell,COINBASE
CBETHETH, / Ether,0.9599,0,0,0.96011,0.9598,20.81465,895508.074451,-55.76037052,Sell,COINBASE
APT-usd,Aptos / United States Dollar,5.15,0.78277886,0.04,5.2,5.06,4535.783,878650.34178999,-27.8733159,Buy,COINBASE
FIDA-usd,Bonfida / United States Dollar,0.3941,0.92189501,0.0036,0.404,0.3876,51290.11,856237.295731,671.44819865,Neutral,COINBASE
DYP-usd,DeFi Yield Protocol / United States Dollar,0.24733,1.93710588,0.0047,0.25095,0.23967,88380.8,825789.349959,29.82891328,Buy,COINBASE
EOS-usd,EOS / United States Dollar,0.9265,0.50987199,0.0047,0.9271,0.9209,42421.8,775301.93621001,-43.06522696,Sell,COINBASE
CRV-usd,Curve DAO Token / United States Dollar,0.6483,2.03021719,0.0129,0.6486,0.635,65081.49,734433.67097902,-55.13037297,Sell,COINBASE
BTCGBP,Bitcoin / British Pound,13812.79,0.41451696,57.02,13818.79,13756.96,0.99455268,709856.15714591,-73.40121754,Sell,COINBASE
ETC-usd,Ether Classic / United States Dollar,19.36,0.72840791,0.14,19.38,19.23,3101.59965533,707664.95829425,-46.99689185,Sell,COINBASE
FLOW-usd,Flow / United States Dollar,1.076,0.74906367,0.008,1.077,1.061,58922.198,686979.324724,-40.19774087,Sell,COINBASE
OP-usd,Optimism / United States Dollar,1.05,0.96153846,0.01,1.053,1.034,52185.23,679133.54021001,-62.76528033,Buy,COINBASE
SYN-usd,Synapse / United States Dollar,0.678,0.74294205,0.005,0.68,0.669,4515.5,642332.73881,138.31719155,Sell,COINBASE
NKN-usd,NKN / United States Dollar,0.0866,0.93240093,0.0008,0.0868,0.0858,37195.8,636002.45748,511.91088779,Buy,COINBASE
SOL-usdT,Solana / Tether,13.47,1.35440181,0.18,13.48,13.28,4512.293,634106.85877712,-57.83321729,Sell,COINBASE
DAI-usd,Dai / United States Dollar,1,0,0,1,0.9999,27424.72123,622517.79372218,-37.13533438,Buy,COINBASE
COMP-usd,Compound / United States Dollar,37.28,0.72953256,0.27,37.42,36.93,2648.046,614973.83154,11.86672262,Sell,COINBASE
GALA-usdT,Gala / Tether,0.02492,0.04014452,0.00001,0.02493,0.02486,240944,609738.4571926,-15.15560935,Sell,COINBASE
ZEC-usd,Zcash / United States Dollar,45.8,0.70360598,0.32,45.95,45.48,835.60150503,599696.88110378,-17.1827262,Neutral,COINBASE
FORTH-usd,Ampleforth Governance Token / United States Dollar,3.35,1.51515152,0.05,3.36,3.27,1746.776,538250.52078,-9.42140974,Neutral,COINBASE
AVAXEUR,Avalanche / Euro,12.91,1.33437991,0.17,12.98,12.83,1003.899,530164.97548248,-3.05508354,Neutral,COINBASE
MEDIA-usd,Media Network / United States Dollar,20.85,0.5788712,0.12,20.85,20.58,261.594,522377.67916,58.60339277,Neutral,COINBASE
GAL-usd,Project Galaxy / United States Dollar,1.509,0.66711141,0.01,1.511,1.498,12330.964,514370.99206,-15.89304619,Sell,COINBASE
SYLO-usd,Sylo / United States Dollar,0.002378,-2.54098361,-0.000062,0.00242,0.002296,6572721,512477.747619,2468.35122531,Buy,COINBASE
REN-usd,Ren / United States Dollar,0.0965,-0.82219938,-0.0008,0.0975,0.0936,1089340.507512,496331.8889409,-64.26810467,Sell,COINBASE
CRO-usd,Crypto.com Coin / United States Dollar,0.0641,0.47021944,0.0003,0.0643,0.0637,139719.6,483142.76241,-30.94935112,Sell,COINBASE
HFT-usd,Hashflow / United States Dollar,0.5334,1.02272727,0.0054,0.5375,0.5258,106843.18,482700.765504,-14.02291154,Sell,COINBASE
BAT-usd,Basic Attention Token / United States Dollar,0.22981,0.49414028,0.00113,0.22997,0.22841,48871.22,477366.2509857,73.32733036,Sell,COINBASE
GRT-usd,The Graph / United States Dollar,0.0633,0.79617834,0.0005,0.0634,0.0627,370978.9,474752.568184,-73.67756329,Sell,COINBASE
AVAXBTC,Avalanche / Bitcoin,0.00080212,1.02012544,0.0000081,0.00080651,0.00079457,534.252,474279.06095196,-4.34653351,Neutral,COINBASE
SHIBEUR,Shiba Inu / Euro,0.0000088,0.68649886,6e-8,0.00000882,0.00000872,508630763,470008.79781271,-10.95833823,Sell,COINBASE
HBAR-usd,Hedera / United States Dollar,0.04785,0.58860626,0.00028,0.04788,0.04753,517985.3,468616.728615,-11.38649698,Sell,COINBASE
LTCBTC,Litecoin / Bitcoin,0.004546,0.30891439,0.000014,0.004552,0.004523,87.25647318,455514.07920776,-7.32642388,Buy,COINBASE
SOLEUR,Solana / Euro,12.79,1.26682502,0.16,12.81,12.62,2838.594,411814.84809667,-68.73418568,Sell,COINBASE
NEAR-usd,Near Protocol / United States Dollar,1.676,0.41941282,0.007,1.685,1.667,8972.371,406862.334227,-37.13217948,Sell,COINBASE
ORN-usd,Orion Protocol / United States Dollar,0.993,0.20181635,0.002,0.995,0.988,4013.07,405371.90568,-34.1504829,Neutral,COINBASE
APE-usdT,ApeCoin / Tether,3.924,1.31680868,0.051,3.982,3.878,9042.8,384414.57603243,35.78348393,Neutral,COINBASE
TIME-usd,Chrono.tech / United States Dollar,65.27,-0.06124636,-0.04,65.98,65.04,241.17,379070.07155999,21.94913242,Sell,COINBASE
VGXEUR,Voyager Token / Euro,0.4204,1.37448758,0.0057,0.4293,0.4154,42158.61,361248.48458621,890.04846644,Buy,COINBASE
RNDR-usd,Render Token / United States Dollar,0.5109,-0.87310827,-0.0045,0.5203,0.508,69386.65,358106.988721,31.82066309,Buy,COINBASE
ERN-usd,Ethernity Chain / United States Dollar,2.03,0.4950495,0.01,2.04,2.01,5347.721,357930.01819,190.88886856,Neutral,COINBASE
-usdTGBP,Tether / British Pound,0.8148,-0.01227144,-0.0001,0.8149,0.8144,56027.74,354436.07358367,-95.20453254,Sell,COINBASE
LTCEUR,Litecoin / Euro,73.15,0.5360088,0.39,73.33,72.83,272.07781384,353622.99264184,-9.44191694,Buy,COINBASE
1INCH-usd,1Inch / United States Dollar,0.49,0.82304527,0.004,0.492,0.487,8312.81,349942.09388,31.25187651,Sell,COINBASE
MATICEUR,Polygon / Euro,0.8664,1.03790087,0.0089,0.8675,0.8563,10426.3,349564.49606235,-72.18038431,Neutral,COINBASE
CHZ-usdT,Chiliz / Tether,0.1663,0.72683222,0.0012,0.1663,0.165,57372.8,348244.80680002,-45.39946654,Sell,COINBASE
MATICGBP,Polygon / British Pound,0.7431,1.03331067,0.0076,0.7431,0.7345,12377.4,343052.15462553,-63.15404954,Neutral,COINBASE
XTZ-usd,Tezos / United States Dollar,1.001,0.80563948,0.008,1.004,0.993,33152.81,341462.44308,-68.67126256,Sell,COINBASE
REQ-usd,Request / United States Dollar,0.0914,-0.43572985,-0.0004,0.0921,0.09,1073901,339827.4049,-13.89339636,Neutral,COINBASE
TRB-usd,Tellor / United States Dollar,13.41,0.4494382,0.06,13.43,13.36,929.316,316087.85302,6.70840296,Sell,COINBASE
DASH-usd,Dash / United States Dollar,45.47,0.99955575,0.45,45.55,45.06,850.23918445,314824.44946093,-14.88210648,Buy,COINBASE
MCO2-usd,Moss Carbon Credit / United States Dollar,2.01,0.5,0.01,2.03,2,2180.81,310079.9265,240.61351149,Neutral,COINBASE
CTSI-usd,Cartesi / United States Dollar,0.1108,0.63578565,0.0007,0.1109,0.1102,47865.3,307848.4229,-26.5703926,Sell,COINBASE
MATIC-usdT,Polygon / Tether,0.911,0.99778271,0.009,0.912,0.902,8349.9,295981.19226697,-63.80257749,Buy,COINBASE
MASKGBP,Mask Network / British Pound,3.073,-0.4857513,-0.015,3.119,3.052,3341.2,286242.34424808,-28.66898106,Buy,COINBASE
OMG-usd,OMG Network / United States Dollar,1.1873,0.69544568,0.0082,1.1893,1.1785,25303.4,285186.71969,-8.64747567,Sell,COINBASE
ADAGBP,Cardano / British Pound,0.2614,0.69337442,0.0018,0.2628,0.2605,11499.94,282587.17067714,144.6284438,Sell,COINBASE
SNX-usd,Synthetix / United States Dollar,1.726,0.8766803,0.015,1.728,1.711,10236.349,276659.779949,-83.08749667,Sell,COINBASE
STX-usd,Stacks / United States Dollar,0.2468,0.081103,0.0002,0.2483,0.2466,25178.37,275951.296289,23.07664962,Neutral,COINBASE
-usdT-usdC,Tether / -usd Coin,1.0002,0.009999,0.0001,1.0002,1,1176.93,270469.66958884,-45.71393629,Buy,COINBASE
SOLBTC,Solana / Bitcoin,0.0007952,1.04193139,0.0000082,0.0007955,0.0007867,516.079,268733.13238036,-37.0797137,Sell,COINBASE
ORCA-usd,Orca / United States Dollar,0.4202,-0.63844881,-0.0027,0.4246,0.4127,1835.07,258840.590694,-24.83974261,Sell,COINBASE
TRAC-usd,OriginTrail / United States Dollar,0.1988,0.96495683,0.0019,0.1989,0.195,60033,258068.09215,161.27835754,Buy,COINBASE
MNDE-usd,Marinade / United States Dollar,0.10008,0.46175467,0.00046,0.10182,0.09876,256318.2,255123.836582,67.73438629,Sell,COINBASE
JUP-usd,Jupiter / United States Dollar,0.004081,-0.41483651,-0.000017,0.004098,0.00405,547960,254511.78424,63.80743353,Sell,COINBASE
ADABTC,Cardano / Bitcoin,0.00001892,-0.0528262,-1e-8,0.00001906,0.00001892,11247.11,254353.46300532,160.41367804,Sell,COINBASE
RLC-usd,iExec RLC / United States Dollar,1.0768,0.24204059,0.0026,1.0798,1.071,18551.4,252561.452566,-24.28599914,Neutral,COINBASE
ENJ-usd,Enjin Coin / United States Dollar,0.305,0.99337748,0.003,0.307,0.303,20122.04,248481.11487,-7.16545123,Sell,COINBASE
AMP-usd,Amp / United States Dollar,0.00348,-0.28653295,-0.00001,0.0035,0.00348,921806,245783.53879,-51.86849861,Sell,COINBASE
KNC-usd,Kyber Network / United States Dollar,0.6366,0.06287331,0.0004,0.638,0.6355,40247.5,244159.19315,27.46837493,Sell,COINBASE
IMX-usd,ImmutableX / United States Dollar,0.4721,-0.44285112,-0.0021,0.4751,0.4713,30963.91,236016.099324,-29.19556501,Neutral,COINBASE
-usdCGBP,-usd Coin / British Pound,0.8148,0,0,0.8148,0.8148,196.77,235814.02161199,-14.27624812,Sell,COINBASE
SOLGBP,Solana / British Pound,10.96,1.20036934,0.13,10.99,10.84,1275.638,233884.06689996,-58.62624472,Sell,COINBASE
OXT-usd,Orchid / United States Dollar,0.0833,-0.59665871,-0.0005,0.0836,0.0833,8241,231623.6211,45.36859763,Neutral,COINBASE
CGLD-usd,Celo / United States Dollar,0.58,-0.68493151,-0.004,0.6,0.579,181354.22,230150.38935,-47.85878474,Neutral,COINBASE
SHIBGBP,Shiba Inu / British Pound,0.00000754,0.80213904,6e-8,0.00000754,0.00000754,260760217,225455.56856872,237.01828751,Sell,COINBASE
APEEUR,ApeCoin / Euro,3.729,1.19402985,0.044,3.76,3.687,7131.73,219725.26510897,-4.09217304,Buy,COINBASE
LINKEUR,Chainlink / Euro,6.93,0.87336245,0.06,6.94,6.9,286.03,216324.95593757,-17.64039632,Sell,COINBASE
LINKBTC,Chainlink / Bitcoin,0.00043017,0.34055655,0.00000146,0.00043098,0.00042841,1043.97,214376.79889703,-30.27847479,Buy,COINBASE
AXS-usd,Axie Infinity / United States Dollar,6.77,0.74404762,0.05,6.79,6.71,2063.907,211161.07629,-59.85554583,Sell,COINBASE
MASKEUR,Mask Network / Euro,3.59,-0.27777778,-0.01,3.64,3.56,932.8,209379.60961204,-11.03010052,Buy,COINBASE
MPL-usd,Maple / United States Dollar,7.04,0.14224751,0.01,7.05,6.99,452.583,206445.11057,-40.02616877,Sell,COINBASE
SPELL-usd,Spell Token / United States Dollar,0.0006237,0.24108004,0.0000015,0.0006242,0.0006215,11560089,203896.8462406,-60.11118898,Sell,COINBASE
CRVEUR,Curve DAO Token / Euro,0.616,2.25763612,0.0136,0.616,0.6036,6017.05,203486.95850264,-3.21626583,Sell,COINBASE
NU-usd,NuCypher / United States Dollar,0.1078,2.27703985,0.0024,0.1085,0.1046,229094.831546,201294.45660916,-23.68270128,Neutral,COINBASE
FORTHEUR,Ampleforth Governance Token / Euro,3.12,-2.5,-0.08,3.12,3.12,0.574,199110.24084455,58.17671531,Sell,COINBASE
HFT-usdT,Hashflow / Tether,0.5334,1.06100796,0.0056,0.5374,0.5259,59728.06,197627.43588709,4.17638495,Neutral,COINBASE
PNG-usd,Pangolin / United States Dollar,0.04749,1.34443022,0.00063,0.04752,0.04638,5843,188857.86229,40.16961456,Neutral,COINBASE
MIR-usd,Mirror Protocol / United States Dollar,0.1325,0.60744115,0.0008,0.1327,0.1317,13264.17,188435.182803,-89.83942992,Sell,COINBASE
FARM-usd,Harvest Finance / United States Dollar,35.84,0.87250211,0.31,35.84,35.46,416.99,187119.21035001,-58.57126812,Buy,COINBASE
SAND-usd,The Sandbox / United States Dollar,0.5816,0.86715227,0.005,0.5819,0.5762,10354.43,185895.700896,-20.07315106,Sell,COINBASE
SUSHIEUR,SushiSwap / Euro,1.2641,0.00791139,0.0001,1.268,1.2641,3420.18,183546.29896879,-5.81518662,Sell,COINBASE
DOT-usdT,Polkadot / Tether,5.53,0.54545455,0.03,5.54,5.5,1724.539,182079.63979118,-19.45047744,Neutral,COINBASE
DESO-usd,Decentralized Social / United States Dollar,9.41,0.74946467,0.07,9.53,9.28,1175.063,180655.91737,-35.83885772,Sell,COINBASE
CHZEUR,Chiliz / Euro,0.1579,0.70153061,0.0011,0.1579,0.1569,20923.9,178667.91612119,-61.74430475,Sell,COINBASE
ZRX-usd,0x / United States Dollar,0.190706,0.67519414,0.001279,0.190751,0.189039,83790.99838,178255.35394659,-47.28286449,Sell,COINBASE
ENS-usd,Ethereum Name Service / United States Dollar,13.98,0.50323508,0.07,14.01,13.9,560.387,172370.40883,-45.13768284,Buy,COINBASE
IDEX-usd,IDEX / United States Dollar,0.0516,0.78125,0.0004,0.0518,0.0511,117812.5,169624.27204,85.91939987,Neutral,COINBASE
CHZGBP,Chiliz / British Pound,0.1354,0.59435364,0.0008,0.1354,0.1347,13250.5,168138.08793714,-23.59258935,Sell,COINBASE
COVAL-usd,Circuits of Value / United States Dollar,0.00959,1.05374078,0.0001,0.0097,0.0095,539695,166244.50325,-7.23499873,Sell,COINBASE
ICPEUR,Internet Computer / Euro,3.98,1.53061224,0.06,3.98,3.94,267.124,164203.85018476,80.72711919,Neutral,COINBASE
ACH-usd,Alchemy Pay / United States Dollar,0.009712,0.32021485,0.000031,0.00973,0.009678,322997.8,162544.4296073,-74.89053919,Sell,COINBASE
MLN-usd,Enzyme / United States Dollar,20.96,-0.09532888,-0.02,21.02,20.93,33.033,161757.55514,44.66794947,Neutral,COINBASE
FILBTC,Filecoin / Bitcoin,0.00026272,0.34758031,9.1e-7,0.00026314,0.00026204,49.007,159691.15041119,-42.45898515,Sell,COINBASE
BANDGBP,Band Protocol / British Pound,1.73,-0.85959885,-0.015,1.761,1.73,1782.62,156122.34676029,39.0459847,Buy,COINBASE
MUSE-usd,Muse Dao / United States Dollar,6.887,-1.24749068,-0.087,6.983,6.74,2448.96,155926.923764,-1.68795705,Sell,COINBASE
TONE-usd,TE-FOOD / United States Dollar,0.01902,-0.88587806,-0.00017,0.01927,0.01898,327892,152018.63912,-63.7695024,Sell,COINBASE
ICP-usdT,Internet Computer / Tether,4.19,1.4527845,0.06,4.19,4.15,445.1148,151291.09261767,-15.4868762,Neutral,COINBASE
B-usd-usd,Binance -usd / United States Dollar,0.999,-0.1998002,-0.002,1.001,0.999,4506.32,148578.63867,-56.66099081,Sell,COINBASE
PYR-usd,Vulcan Forged / United States Dollar,3.173,0.89030207,0.028,3.189,3.15,1137.71,147404.79176,-18.27171167,,COINBASE
LCX-usd,LCX Token / United States Dollar,0.0407,0.24630542,0.0001,0.0407,0.0405,5443.8,145625.32536,78.44389841,Sell,COINBASE
UNIBTC,Uniswap / Bitcoin,0.0003631,0.66537289,0.0000024,0.0003641,0.0003613,1865.878731,144779.17853859,-53.19122312,Buy,COINBASE
MATICBTC,Polygon / Bitcoin,0.00005381,0.63587058,3.4e-7,0.00005383,0.00005344,2931.4,143394.55399989,-74.6595495,Buy,COINBASE
VGX-usdT,Voyager Token / Tether,0.4424,1.46788991,0.0064,0.452,0.439,10994.63,142229.6292976,879.6542727,Buy,COINBASE
AST-usd,AirSwap / United States Dollar,0.1009,-0.49309665,-0.0005,0.1016,0.0999,72913.4,142047.38159,80.73941328,Sell,COINBASE
PERP-usd,Perpetual Protocol / United States Dollar,0.4616,0.61028771,0.0028,0.4645,0.4588,45495.66,139585.9277245,-44.32383727,Sell,COINBASE
CRVGBP,Curve DAO Token / British Pound,0.5285,2.10587326,0.0109,0.5285,0.5176,5336.2,137570.75372985,43.77738823,Sell,COINBASE
DOTBTC,Polkadot / Bitcoin,0.0003261,0.24592684,8e-7,0.0003275,0.0003254,653.025,137464.83182374,-37.12763802,Sell,COINBASE
LOKA-usd,League of Kingdoms Arena / United States Dollar,0.3817,1.32731617,0.005,0.3817,0.3761,14896.91,137031.41602,-40.4488471,Neutral,COINBASE
BANDBTC,Band Protocol / Bitcoin,0.00012617,-0.80974843,-0.00000103,0.00012776,0.00012568,1475.09,135976.62408971,43.27468045,Buy,COINBASE
SKL-usd,SKALE / United States Dollar,0.0274,1.10701107,0.0003,0.0274,0.0271,65936,134268.45102,-58.48918092,Sell,COINBASE
SNXEUR,Synthetix / Euro,1.64,0.61349693,0.01,1.64,1.627,165.25,133851.04713037,-41.99669762,Sell,COINBASE
POLY-usd,Polymath Network / United States Dollar,0.212,-0.37593985,-0.0008,0.213,0.21,4473,133054.1452,-16.66992626,Sell,COINBASE
DOTEUR,Polkadot / Euro,5.26,0.57361377,0.03,5.26,5.22,623.357,132266.55309502,-14.58388947,Sell,COINBASE
ABT-usd,Arcblock / United States Dollar,0.104,-2.2556391,-0.0024,0.1066,0.1022,57828.7,129405.05997,156.39871962,Sell,COINBASE
AVAX-usdT,Avalanche / Tether,13.59,0.96582467,0.13,13.66,13.4,299.799,128479.34465796,-34.68997172,Sell,COINBASE
CVC-usd,Civic / United States Dollar,0.1033,0,0,0.1033,0.1026,26307.1,128039.10916,266.07045916,Sell,COINBASE
INJ-usd,Injective Protocol / United States Dollar,1.604,0.25,0.004,1.608,1.604,602.93,127870.79619,47.03777634,Sell,COINBASE
PLU-usd,Pluton / United States Dollar,8.69,-0.22962113,-0.02,8.75,8.67,62.19,127018.9714,323.90442296,Buy,COINBASE
NUBTC,NuCypher / Bitcoin,0.00000636,2.25080386,1.4e-7,0.0000064,0.0000062,28041,125745.56267287,-2.77881132,Buy,COINBASE
-usdCEUR,-usd Coin / Euro,0.9499,0.03159225,0.0003,0.9506,0.9465,20492.42,122719.24246262,-70.61476446,Sell,COINBASE
ICPBTC,Internet Computer / Bitcoin,0.0002467,0.77614379,0.0000019,0.000247,0.000245,267.2757,122248.74644898,-13.4448991,Neutral,COINBASE
LPT-usd,Livepeer / United States Dollar,7.39,0.68119891,0.05,7.39,7.36,71.377,122053.14665,103.29028923,Sell,COINBASE
RARI-usd,Rarible / United States Dollar,2.15,1.41509434,0.03,2.16,2.13,753.982,122031.61606,160.01021043,Sell,COINBASE
STORJ-usd,Storj / United States Dollar,0.3295,0.64141723,0.0021,0.3303,0.3278,852.4,120330.704213,29.62553884,Sell,COINBASE
ALGOEUR,Algorand / Euro,0.2263,0.26583961,0.0006,0.2265,0.2258,10744,111963.7422427,-3.67617319,Sell,COINBASE
TRU-usd,TrueFi / United States Dollar,0.0384,-0.25974026,-0.0001,0.0386,0.0384,8227.3,110153.0972,307.1063997,Sell,COINBASE
XLMBTC,Stellar / Bitcoin,0.00000511,0,0,0.00000511,0.00000509,52966,108528.40457901,79.73999636,Sell,COINBASE
EOSEUR,EOS / Euro,0.8796,0.65224854,0.0057,0.88,0.877,1533.1,105776.13929279,23.67130732,Sell,COINBASE
MASK-usdT,Mask Network / Tether,3.78,-0.26385224,-0.01,3.82,3.75,1434.19,101967.20994516,-15.29039739,Buy,COINBASE
GRTEUR,The Graph / Euro,0.0602,0.66889632,0.0004,0.0602,0.0599,4754.08,101896.84792748,127.86195584,Sell,COINBASE
ROSE-usd,Oasis Network / United States Dollar,0.04703,1.20507855,0.00056,0.04704,0.04664,103592.1,101539.779951,-49.31171924,Sell,COINBASE
MATH-usd,MATH / United States Dollar,0.1155,0,0,0.1166,0.1149,31854.5,101327.32727,-67.31662956,Sell,COINBASE
KEEP-usd,Keep Network / United States Dollar,0.0888,0.11273957,0.0001,0.0889,0.0883,95067.6,100059.94876,44.08321836,Sell,COINBASE
ARPAEUR,ARPA / Euro,0.02678,0.26207413,0.00007,0.02678,0.02678,5580.9,98279.13467041,1659.77919429,Sell,COINBASE
BICO-usd,Biconomy / United States Dollar,0.3092,0.9467842,0.0029,0.3092,0.3071,2563.8,98251.201719,22.09088626,Neutral,COINBASE
SHIB-usdT,Shiba Inu / Tether,0.0000092,0,0,0.0000093,0.0000092,50425404,98046.2526075,30.12051535,Sell,COINBASE
DEXT-usd,DEXTools / United States Dollar,0.1341,-0.4454343,-0.0006,0.1356,0.1327,13484.5,97519.0676,-65.88545247,Buy,COINBASE
FET-usd,Fetch.ai / United States Dollar,0.0629,0.31897927,0.0002,0.063,0.0626,7916.8,97087.31579,-46.08302449,Sell,COINBASE
PLA-usd,PlayDapp / United States Dollar,0.205,0.68762279,0.0014,0.205,0.2029,1364.1,96503.41953,62.19817688,Sell,COINBASE
ANKR-usd,Ankr / United States Dollar,0.02167,0.83759888,0.00018,0.02167,0.02146,62681,95601.01677,-89.95642087,Sell,COINBASE
FORTHGBP,Ampleforth Governance Token / British Pound,2.685,-0.70266272,-0.019,2.685,2.667,306.213,94289.39961659,14.78403743,Sell,COINBASE
NMR-usd,Numeraire / United States Dollar,11.56,-0.43066322,-0.05,11.66,11.56,201.296,92390.32273,-32.87248601,Sell,COINBASE
SHPING-usd,Shping / United States Dollar,0.005363,-0.40854225,-0.000022,0.005444,0.00534,270255,92005.122377,-56.58667209,Sell,COINBASE
LINKGBP,Chainlink / British Pound,5.95,0.50675676,0.03,5.95,5.92,1126.43,89912.89087022,-16.74900757,Sell,COINBASE
BANDEUR,Band Protocol / Euro,2.02,-0.98039216,-0.02,2.05,2.02,2521.13,89808.32089463,129.85881861,Buy,COINBASE
BLZ-usd,Bluzelle / United States Dollar,0.0652,0.92879257,0.0006,0.0652,0.0646,7098,89518.10314,152.99324036,Neutral,COINBASE
GMT-usd,STEPN / United States Dollar,0.3873,0.33678756,0.0013,0.3877,0.3859,6121.23,88322.900967,92.72320353,Sell,COINBASE
COTI-usd,COTI / United States Dollar,0.0723,0.27739251,0.0002,0.0724,0.0721,17308.4,87975.83756,-27.62021873,Sell,COINBASE
ALGOGBP,Algorand / British Pound,0.1938,0.36250647,0.0007,0.1938,0.1935,2612,87480.2282607,147.51987851,Sell,COINBASE
CLV-usd,Clover Finance / United States Dollar,0.0648,0.77760498,0.0005,0.065,0.0643,58242.84,85142.129676,-49.50970156,Sell,COINBASE
DOTGBP,Polkadot / British Pound,4.51,0.66964286,0.03,4.52,4.48,251.664,85089.30748072,-20.63023839,Sell,COINBASE
GTC-usd,Gitcoin / United States Dollar,1.83,1.10497238,0.02,1.83,1.81,4158.1,84965.2578,-28.40671726,Buy,COINBASE
LTCGBP,Litecoin / British Pound,62.71,0.44850232,0.28,62.89,62.47,26.50732851,84701.90278695,-55.21013936,Buy,COINBASE
CRVBTC,Curve DAO Token / Bitcoin,0.0000382,1.59574468,6e-7,0.0000382,0.0000377,1617.39,84571.79315217,-16.73667152,Sell,COINBASE
QNT-usdT,Quant / Tether,127.02,0.59396531,0.75,127.33,125.7,19.7445,83978.49413183,-57.39227541,Buy,COINBASE
UMA-usd,UMA / United States Dollar,1.689,0.23738872,0.004,1.693,1.687,1633.76,82394.233283,43.99297463,Sell,COINBASE
AURORA-usd,Aurora / United States Dollar,0.355,-0.28089888,-0.001,0.359,0.353,7267.31,80662.13919,51.96827726,Sell,COINBASE
XLMEUR,Stellar / Euro,0.082287,0.28884826,0.000237,0.082287,0.082214,4302,79938.19297619,-28.03812142,Sell,COINBASE
ARPA-usd,ARPA / United States Dollar,0.0282,0.35587189,0.0001,0.0282,0.0281,7311.1,79461.23514,137.09312975,Neutral,COINBASE
INDEX-usd,Index Cooperative / United States Dollar,1.96,-0.50761421,-0.01,1.96,1.95,494.957,78558.05728,-52.8403376,Sell,COINBASE
CGLDBTC,Celo / Bitcoin,0.00003424,-1.24026536,-4.3e-7,0.00003541,0.00003421,73913.83,78381.55323771,187.68050507,Buy,COINBASE
SUSHIBTC,SushiSwap / Bitcoin,0.00007876,0.30565461,2.4e-7,0.00007887,0.00007848,600.51,77498.67904297,5.13855694,Buy,COINBASE
ATOMBTC,Cosmos / Bitcoin,0.0005944,0.13477089,8e-7,0.0005946,0.0005934,9.8,76290.50431297,-2.18049879,Sell,COINBASE
SUSHIGBP,SushiSwap / British Pound,1.0829,-0.10147601,-0.0011,1.088,1.0829,299.4,76114.72722021,3.27742868,Sell,COINBASE
RLY-usd,Rally / United States Dollar,0.0103,-2.83018868,-0.0003,0.0106,0.0102,841046,75891.6099,60.79418919,Sell,COINBASE
BOND-usd,BarnBridge / United States Dollar,3.98,0.75949367,0.03,4,3.96,206.901,75021.58654,-48.88175619,Sell,COINBASE
POND-usd,Marlin / United States Dollar,0.00884,0.6833713,0.00006,0.00885,0.0088,489780,74382.5979,-53.19514117,Neutral,COINBASE
IOTX-usd,IoTeX (ERC-20) / United States Dollar,0.02769,0.39883974,0.00011,0.02774,0.02758,146658,74357.18031,-26.3750849,Sell,COINBASE
FORTHBTC,Ampleforth Governance Token / Bitcoin,0.0001984,1.3278856,0.0000026,0.0001984,0.0001937,1036.654,73531.22359049,-7.20448146,Buy,COINBASE
XCN-usdT,Chain / Tether,0.03848,-0.33670034,-0.00013,0.03854,0.03848,38157.9,72496.31316161,66.46442027,Sell,COINBASE
DDX-usd,DerivaDAO / United States Dollar,0.4764,-0.20946795,-0.001,0.4813,0.4744,9576.75,72213.541701,-3.56315063,Sell,COINBASE
00-usd,00 Token / United States Dollar,0.1977,0.91883614,0.0018,0.1977,0.1953,25803.71,71520.228375,0.42450209,Neutral,COINBASE
ALCX-usd,Alchemix / United States Dollar,18.14,0.61009429,0.11,18.19,18.01,313.0741,69096.443832,-11.81923379,Neutral,COINBASE
CTX-usd,Cryptex Finance / United States Dollar,2.26,0.89285714,0.02,2.26,2.24,1299.129,67379.37326,321.31298172,Sell,COINBASE
ILV-usd,Illuvium / United States Dollar,41.89,0.74555075,0.31,41.91,41.52,61.2048,66437.177528,32.89719906,Neutral,COINBASE
AAVEEUR,Aave / Euro,60.01,0.56980057,0.34,60.01,59.73,15.506,66006.76466873,-45.75910115,Sell,COINBASE
BTRSTBTC,Braintrust / Bitcoin,0.00006723,4.58929683,0.00000295,0.00006858,0.00006287,13452.01,65920.90526625,79.75167426,Neutral,COINBASE
ZEN-usd,Horizen / United States Dollar,10.85,0.55607044,0.06,10.88,10.83,104.453,65467.05103,-2.03730503,Neutral,COINBASE
AAVEBTC,Aave / Bitcoin,0.003726,0.2960969,0.000011,0.003726,0.003704,58.758,64910.99995888,-50.92074493,Neutral,COINBASE
ASM-usd,Assemble Protocol / United States Dollar,0.01228,-0.72756669,-0.00009,0.01239,0.01212,364960,64432.70029,-79.16262444,Sell,COINBASE
AXS-usdT,Axie Infinity / Tether,6.79,1.04166667,0.07,6.79,6.77,263.183,64128.46427811,-8.27166434,Sell,COINBASE
RADBTC,Radicle / Bitcoin,0.0000987,0.20304569,2e-7,0.0000994,0.0000987,0.54,63989.9330273,480.6708,Buy,COINBASE
BTRST-usdT,Braintrust / Tether,1.127,5.3271028,0.057,1.15,1.068,680.5,63921.02037113,3.3551834,Neutral,COINBASE
ALGOBTC,Algorand / Bitcoin,0.00001403,-0.14234875,-2e-8,0.00001406,0.00001401,4094,63795.65081144,16.14747285,Sell,COINBASE
REQEUR,Request / Euro,0.08698,-0.16069789,-0.00014,0.08727,0.0868,8162,62514.96002035,-31.51795837,Sell,COINBASE
XYO-usd,XYO / United States Dollar,0.0043,0.23310023,0.00001,0.0043,0.00428,330647.9,62088.290627,-49.35390483,Sell,COINBASE
APT-usdT,Aptos / Tether,5.15,0.78277886,0.04,5.17,5.06,65.68,60889.80421513,335.06423316,Buy,COINBASE
BCHBTC,Bitcoin Cash / Bitcoin,0.006523,0.44656606,0.000029,0.006527,0.006489,17.56121604,60504.2491606,-30.1927414,Buy,COINBASE
SUPER-usd,SuperFarm / United States Dollar,0.10434,1.74549,0.00179,0.10442,0.10283,45230.77,60240.3201958,-22.30538384,Sell,COINBASE
FIDA-usdT,Bonfida / Tether,0.3889,-0.63873275,-0.0025,0.3901,0.3889,2359.28,59188.58339627,7341.11604189,Sell,COINBASE
LOOM-usd,Loom Network / United States Dollar,0.0493,0.20325203,0.0001,0.0498,0.0493,102941.9,57990.68428,-36.89564891,Buy,COINBASE
OP-usdT,Optimism / Tether,1.05,0.96153846,0.01,1.05,1.035,5371.92,55786.53227271,-22.18938137,Buy,COINBASE
STG-usd,Stargate Finance / United States Dollar,0.4186,0.45596352,0.0019,0.4193,0.4163,2986.5,55268.12032,-6.84791807,Sell,COINBASE
UNFI-usd,Unifi Protocol DAO / United States Dollar,4.52,0,0,4.53,4.5,767.49,54945.2224,90.11210874,Neutral,COINBASE
YFIBTC,yearn.finance / Bitcoin,0.3944,0.53530461,0.0021,0.3953,0.3936,0.074587,54879.84357358,-38.43790083,Buy,COINBASE
INV-usd,Inverse Finance / United States Dollar,51.94,0.13495277,0.07,52.71,51.92,201.6567,54416.481272,-36.72634525,Sell,COINBASE
AAVEGBP,Aave / British Pound,51.44,0.56695992,0.29,51.44,51.22,10.391,54338.29674277,-45.41954267,Sell,COINBASE
ADA-usdT,Cardano / Tether,0.321,0.62695925,0.002,0.323,0.32,4388.21,54105.97710368,-2.56660662,Neutral,COINBASE
LDO-usd,Lido DAO / United States Dollar,1.086,-0.64043916,-0.007,1.093,1.084,3475.1,53989.40074,-32.41879018,Sell,COINBASE
FORT-usd,Forta / United States Dollar,0.1657,0.12084592,0.0002,0.1679,0.1641,43902.28,53589.826033,-80.04790873,Buy,COINBASE
BTRSTGBP,Braintrust / British Pound,0.86,3.36538462,0.028,1.112,0.78,48196.2,53563.26229441,110.59742358,Neutral,COINBASE
SUKU-usd,SUKU / United States Dollar,0.0539,-1.46252285,-0.0008,0.0547,0.0537,80868.7,52196.27808,-19.47942627,Sell,COINBASE
WBTCBTC,Wrapped Bitcoin / Bitcoin,0.9988,0,0,0.9988,0.9988,0.05775878,49606.65991394,-28.39640975,Buy,COINBASE
RENBTC,Ren / Bitcoin,0.00000569,-1.21527778,-7e-8,0.00000577,0.00000552,26491,49557.67833862,-38.00629827,Sell,COINBASE
SYLO-usdT,Sylo / Tether,0.002367,-2.59259259,-0.000063,0.002413,0.002309,451568,49515.71443272,421.35965965,Buy,COINBASE
KSM-usd,Kusama / United States Dollar,29.56,0.57842804,0.17,29.6,29.5,47.3678,49277.829441,-33.60819624,Neutral,COINBASE
BOBA-usd,Boba Network / United States Dollar,0.2021,-0.97991181,-0.002,0.2061,0.2003,33604.8,49129.06912,90.70544999,Strong Sell,COINBASE
POLY-usdT,Polymath Network / Tether,0.2124,-0.51522248,-0.0011,0.2131,0.2124,1003,48215.20505754,4.54410057,Sell,COINBASE
ALEPH-usd,Aleph.im v2 / United States Dollar,0.0712,0.70721358,0.0005,0.072,0.0689,119546.4,47898.32302,156.77091152,Sell,COINBASE
1INCHBTC,1Inch / Bitcoin,0.000029,0.34602076,1e-7,0.000029,0.0000288,92.97,47122.18293587,30.31483108,Sell,COINBASE
AIOZ-usd,Aioz Network / United States Dollar,0.0405,0,0,0.0407,0.0403,26299.6,46146.49252,30.23168609,Sell,COINBASE
BTRSTEUR,Braintrust / Euro,1.01,4.12371134,0.04,1.34,0.94,38980.56,45786.23960719,64.69852113,Neutral,COINBASE
ZECBTC,Zcash / Bitcoin,0.002705,0.55762082,0.000015,0.002709,0.002697,11.4666,45778.7984656,15.23469526,Buy,COINBASE
GFI-usd,Goldfinch / United States Dollar,0.6688,0.46567523,0.0031,0.6689,0.6645,453.12,44832.935453,-70.96726397,Neutral,COINBASE
OGN-usd,Origin Token / United States Dollar,0.10602,0.88495575,0.00093,0.10673,0.10522,26893.96,43113.3566059,-27.55715959,Sell,COINBASE
SWFTC-usd,SwftCoin / United States Dollar,0.001143,1.41969831,0.000016,0.001148,0.00112,7232725,43084.250005,42.07317437,Neutral,COINBASE
REQBTC,Request / Bitcoin,0.00000541,-0.55147059,-3e-8,0.00000544,0.00000539,122525,42627.532816,-35.3747833,Buy,COINBASE
DNT-usd,district0x / United States Dollar,0.0202,0,0,0.0203,0.0201,104342.7,42147.18646,56.87891097,Sell,COINBASE
HIGH-usd,Highstreet / United States Dollar,1.213,1.08333333,0.013,1.213,1.202,632.26,42134.48079,-63.39846606,Neutral,COINBASE
MXC-usd,MXC / United States Dollar,0.02758,-0.10865628,-0.00003,0.02759,0.02754,3364.4,41289.422974,-49.30100234,Sell,COINBASE
EOSBTC,EOS / Bitcoin,0.00005454,-0.03665689,-2e-8,0.00005461,0.00005454,2804,41194.45293318,-24.42694883,Sell,COINBASE
ATA-usd,Automata Network / United States Dollar,0.1148,0.96745822,0.0011,0.1148,0.1143,6207.8,41142.3208,-49.03395692,Neutral,COINBASE
MINA-usd,Mina / United States Dollar,0.559,0.35906643,0.002,0.56,0.557,591.856,40518.466738,-30.67737366,Sell,COINBASE
SOLETH,Solana / Ether,0.01076,0.46685341,0.00005,0.01076,0.0107,50.7968,40305.56885427,-86.0394068,Sell,COINBASE
QUICK-usd,QuickSwap / United States Dollar,55.98,0.77407741,0.43,55.98,55.52,23.6364,40281.54816,-36.98172916,Neutral,COINBASE
DYP-usdT,DeFi Yield Protocol / Tether,0.24628,2.07228117,0.005,0.24757,0.24128,7632.7,39976.77916713,4.38288564,Buy,COINBASE
CVX-usd,Convex Finance / United States Dollar,3.892,0.59446886,0.023,3.897,3.872,61.071,39823.231842,115.55837596,Sell,COINBASE
ETCEUR,Ether Classic / Euro,18.42,0.82101806,0.15,18.43,18.26,47.3450703,39672.52181654,-28.4649424,Sell,COINBASE
NKNBTC,NKN / Bitcoin,0.0000051,0.39370079,2e-8,0.00000512,0.00000508,2857.1,38891.38072066,1151.51220154,Strong Buy,COINBASE
API3-usd,API3 / United States Dollar,1.464,0,0,1.469,1.459,1239.33,38640.95541,-47.84097022,Sell,COINBASE
C98-usd,Coin98 / United States Dollar,0.2428,1.12453145,0.0027,0.2428,0.2407,3706.79,38499.874625,-5.87079959,Sell,COINBASE
ETCBTC,Ether Classic / Bitcoin,0.001143,0.35118525,0.000004,0.001143,0.001139,0.09302785,38014.49174317,180.30760816,Sell,COINBASE
MKRBTC,Maker / Bitcoin,0.03783,-0.15835313,-0.00006,0.03792,0.03779,2.159114,37528.30058432,-33.7179836,Sell,COINBASE
OMGGBP,OMG Network / British Pound,0.9667,0.69791667,0.0067,0.9675,0.96,1833.5,37076.93239525,185.66597052,Sell,COINBASE
XCN-usd,Chain / United States Dollar,0.03851,-0.18144116,-0.00007,0.0388,0.0384,5471.2,36644.698247,52.06474637,Sell,COINBASE
ADAETH,Cardano / Ether,0.000257,0,0,0.000258,0.000257,5885.31,36578.79031418,52.33090329,Sell,COINBASE
DASHBTC,Dash / Bitcoin,0.002687,0.86336336,0.000023,0.002687,0.002659,72.492,35658.53042707,-19.66186691,Buy,COINBASE
REQ-usdT,Request / Tether,0.0915,-0.32679739,-0.0003,0.0917,0.0912,15355,35119.39484016,-33.70009686,Sell,COINBASE
FILEUR,Filecoin / Euro,4.24,0.95238095,0.04,4.24,4.21,129.61,34973.55086605,-63.97574084,Sell,COINBASE
RARE-usd,SuperRare / United States Dollar,0.1265,0,0,0.1268,0.1259,13689.8,34763.3872,-44.8837903,Neutral,COINBASE
NUEUR,NuCypher / Euro,0.1025,-2.38095238,-0.0025,0.103,0.1,1617.645533,34516.2433033,163.30875405,Neutral,COINBASE
CRPT-usd,Crypterium / United States Dollar,0.0804,0.124533,0.0001,0.081,0.0799,12289.8,34411.70434,-1.86436791,Sell,COINBASE
UMAEUR,UMA / Euro,1.61,0.12437811,0.002,1.61,1.61,1.021,34322.86880834,91.06214824,Sell,COINBASE
FLOW-usdT,Flow / Tether,1.078,0.65359477,0.007,1.078,1.063,760.112,33923.28325944,-57.10416994,Sell,COINBASE
BAL-usd,Balancer / United States Dollar,6.04,0.66666667,0.04,6.05,6,315.1,33904.5814,-56.63083154,Buy,COINBASE
LINK-usdT,Chainlink / Tether,7.25,0.13812155,0.01,7.25,7.23,112.197,33805.17713162,-47.24457097,Buy,COINBASE
RADEUR,Radicle / Euro,1.584,0.12642225,0.002,1.584,1.582,149.82,33729.39853743,417.5409864,Sell,COINBASE
RBN-usd,Ribbon Finance / United States Dollar,0.26738,0.49235164,0.00131,0.26743,0.2638,6873.38,33144.3293179,-34.04650783,Neutral,COINBASE
MDT-usd,Measurable Data Token / United States Dollar,0.02438,0.16433854,0.00004,0.0244,0.02433,1722,32961.39688,7.58470109,Neutral,COINBASE
MANAEUR,Decentraland / Euro,0.389,0.77720207,0.003,0.389,0.386,2557.23,32322.83462827,-59.43253899,Sell,COINBASE
LRC-usdT,Loopring / Tether,0.2537,0.03943218,0.0001,0.2541,0.2537,3775.92,32184.8712225,-51.45780384,Sell,COINBASE
AXSEUR,Axie Infinity / Euro,6.45,0.78125,0.05,6.45,6.41,537.605,32128.38527821,22.07424534,Sell,COINBASE
ICPGBP,Internet Computer / British Pound,3.41,1.18694362,0.04,3.41,3.39,41.7145,32046.23969252,-29.83873202,Sell,COINBASE
REQGBP,Request / British Pound,0.0744,-0.66755674,-0.0005,0.075,0.0744,16052,32042.16627788,-60.52635645,Sell,COINBASE
XTZBTC,Tezos / Bitcoin,0.00005912,0.49294578,2.9e-7,0.00005916,0.00005879,347.83,31767.54612999,-82.53874322,Sell,COINBASE
BCHEUR,Bitcoin Cash / Euro,105.19,0.88232473,0.92,105.19,104.3,4.02061684,31531.5137205,-72.98868324,Sell,COINBASE
RAD-usd,Radicle / United States Dollar,1.66,0,0,1.66,1.66,1.31,31239.1547,0.98015693,Neutral,COINBASE
GODS-usd,Gods Unchained / United States Dollar,0.23245,0.73236263,0.00169,0.2336,0.23011,8848.75,30691.6741027,-46.96998296,Sell,COINBASE
METIS-usd,MetisDAO / United States Dollar,18.76,0.21367521,0.04,18.76,18.67,13.545,30395.51644,-45.54604666,Sell,COINBASE
AVT-usd,Aventus / United States Dollar,1.44,1.4084507,0.02,1.44,1.43,156.94,29841.7177,-27.74733474,Sell,COINBASE
NEAR-usdT,Near Protocol / Tether,1.678,0.59952038,0.01,1.678,1.67,318.709,29759.97867292,-20.99097275,Sell,COINBASE
CELR-usd,Celer Network / United States Dollar,0.0121,0.49833887,0.00006,0.0121,0.01205,19552,29467.75999,11.36439302,Neutral,COINBASE
RNDR-usdT,Render Token / Tether,0.5144,0.11677696,0.0006,0.5187,0.5076,4174.99,29371.00073695,102.57075948,Buy,COINBASE
NKNGBP,NKN / British Pound,0.0704,0.71530758,0.0005,0.0704,0.0698,561.6,29366.78778356,2443.00243113,Neutral,COINBASE
NCT-usd,Polyswarm / United States Dollar,0.00759,1.6064257,0.00012,0.00759,0.00751,312017,27993.47121,-70.78769719,Sell,COINBASE
OCEAN-usd,Ocean Protocol / United States Dollar,0.1365,0.58953574,0.0008,0.1366,0.1365,1955.2,27696.44068,-54.39127972,Sell,COINBASE
ATOM-usdT,Cosmos / Tether,10.07,0.29880478,0.03,10.07,10.06,300.415,27537.62090715,46.94171713,Sell,COINBASE
PRO-usd,Propy / United States Dollar,0.3948,-0.22744503,-0.0009,0.3963,0.3912,2591.66,27502.850524,-73.09789951,Sell,COINBASE
ZRXEUR,0x / Euro,0.1815,0.83333333,0.0015,0.1815,0.1796,19201.12587,27474.86376556,-67.91124825,Sell,COINBASE
ATOMGBP,Cosmos / British Pound,8.21,0.48959608,0.04,8.22,8.17,109.547,27324.50385427,-2.28295,Sell,COINBASE
AUCTION-usd,Bounce Token / United States Dollar,5.07,0.99601594,0.05,5.08,5.03,648.82,26573.01726,-60.69037842,Neutral,COINBASE
ATOMEUR,Cosmos / Euro,9.56,0.10471204,0.01,9.58,9.56,55.033,26476.01966523,-46.50480752,Sell,COINBASE
QSP-usd,Quantstamp / United States Dollar,0.01235,-0.40322581,-0.00005,0.0124,0.01232,4682,26455.33011,-39.95134571,Sell,COINBASE
MIRGBP,Mirror Protocol / British Pound,0.109,-1.8018018,-0.002,0.111,0.108,15811.15,26224.63919752,-85.41576368,Sell,COINBASE
CTSIBTC,Cartesi / Bitcoin,0.0000065,-1.51515152,-1e-7,0.0000065,0.0000065,448.7,25531.71829455,59.33550442,Sell,COINBASE
BADGER-usd,Badger DAO / United States Dollar,2.64,0,0,2.66,2.64,190.225,24546.37755,-14.00345135,Sell,COINBASE
PAX-usd,Paxos Standard / United States Dollar,0.998,-0.01001904,-0.0001,0.9982,0.998,78.92,24495.854239,567.42717504,Neutral,COINBASE
NKNEUR,NKN / Euro,0.0819,-0.3649635,-0.0003,0.0819,0.0814,2605.2,24045.84405002,832.39686936,Neutral,COINBASE
IDEX-usdT,IDEX / Tether,0.0516,0.97847358,0.0005,0.0518,0.0512,32600.7,23832.12640829,978.552613,Neutral,COINBASE
AXSBTC,Axie Infinity / Bitcoin,0.0004004,0.62829857,0.0000025,0.0004011,0.000398,26.206,23574.83624402,21.88389692,Sell,COINBASE
TRU-usdT,TrueFi / Tether,0.0384,-3.51758794,-0.0014,0.044,0.0381,575616.8,23316.58098642,541.16289267,Sell,COINBASE
PRQ-usd,PARSIQ / United States Dollar,0.0815,0.24600246,0.0002,0.0816,0.0814,90.1,23194.8157,-2.46482824,Sell,COINBASE
JASMY-usdT,JasmyCoin / Tether,0.00413,0.97799511,0.00004,0.00414,0.00412,215211,22975.93509873,-23.76645644,Neutral,COINBASE
CLVEUR,Clover Finance / Euro,0.06167,0.89986911,0.00055,0.06167,0.06129,81988.48,22885.12193443,-23.75326846,Sell,COINBASE
SUKUEUR,SUKU / Euro,0.0512,-1.53846154,-0.0008,0.0519,0.0512,31404.6,22827.84018948,158.61568393,Sell,COINBASE
GLM-usd,Golem Network / United States Dollar,0.2231,-0.75622776,-0.0017,0.2245,0.223,2220.2,22779.67701,-38.22771238,Sell,COINBASE
GRTGBP,The Graph / British Pound,0.0516,0.58479532,0.0003,0.0516,0.0514,6383.32,22775.11854088,-2.34630645,Sell,COINBASE
GNO-usd,Gnosis / United States Dollar,91.23,1.22045934,1.1,92.49,90.91,10.1044,22600.081378,-19.28948371,Sell,COINBASE
OOKI-usd,Ooki Protocol / United States Dollar,0.0039,2.06752159,0.000079,0.0039,0.003821,1512290,22137.383989,-0.14911666,Buy,COINBASE
ARPA-usdT,ARPA / Tether,0.0281,-2.43055556,-0.0007,0.03,0.028,758626.6,21916.552996,72.70989981,Sell,COINBASE
DIA-usd,DIA / United States Dollar,0.33508,-4.04078009,-0.01411,0.35084,0.33491,63614.31,21871.7688675,-0.65690095,Sell,COINBASE
UMAGBP,UMA / British Pound,1.38,-0.71942446,-0.01,1.43,1.35,12462.151,21544.08532929,251.10781717,Sell,COINBASE
PERP-usdT,Perpetual Protocol / Tether,0.4627,1.00414757,0.0046,0.463,0.459,103.806,21143.18881115,-35.86160865,Neutral,COINBASE
C98-usdT,Coin98 / Tether,0.2425,0.74781886,0.0018,0.2425,0.2407,109.78,20847.06617368,19.21041675,Sell,COINBASE
TRUBTC,TrueFi / Bitcoin,0.00000226,0,0,0.00000226,0.00000226,10.3,20628.78219631,277.16210555,Sell,COINBASE
FIS-usd,Stafi / United States Dollar,0.3034,-0.32851511,-0.001,0.306,0.3028,3031.6,20610.04433,72.88918964,Buy,COINBASE
NMREUR,Numeraire / Euro,10.96,-0.18214936,-0.02,11.07,10.96,148.982,20355.56565823,-20.95532948,Sell,COINBASE
PERPEUR,Perpetual Protocol / Euro,0.4395,1.03448276,0.0045,0.441,0.436,458.386,20319.14447015,-45.23179305,Sell,COINBASE
UNIEUR,Uniswap / Euro,5.84,1.03806228,0.06,5.84,5.8,179.005,20086.55839212,-64.52998424,Neutral,COINBASE
TRAC-usdT,OriginTrail / Tether,0.1982,0.96790627,0.0019,0.1982,0.195,1069.6,19363.77719665,590.65069608,Buy,COINBASE
LQTY-usd,Liquity / United States Dollar,0.6155,-0.22694116,-0.0014,0.6163,0.6155,627.02,18295.264782,-46.53154116,Sell,COINBASE
BATEUR,Basic Attention Token / Euro,0.21774,0.2347742,0.00051,0.21799,0.21774,1560.22,18030.7212408,21.66948447,Sell,COINBASE
GAL-usdT,Project Galaxy / Tether,1.507,0.60080107,0.009,1.507,1.507,3.939,17920.70845221,182.59377715,Sell,COINBASE
XLM-usdT,Stellar / Tether,0.0865,0.23174971,0.0002,0.0865,0.0862,3864.8,17866.40111218,4.30120436,Sell,COINBASE
STORJBTC,Storj / Bitcoin,0.00001948,0.36063885,7e-8,0.00001949,0.0000194,14.34,17383.20014836,178.17374199,Sell,COINBASE
KNCBTC,Kyber Network / Bitcoin,0.00003757,-0.37125431,-1.4e-7,0.00003768,0.00003749,1090.3,17027.98822765,2.48094344,Sell,COINBASE
AGLD-usd,Adventure Gold / United States Dollar,0.2737,0.9590557,0.0026,0.2737,0.272,4669.1,16889.13793,5.62276174,Neutral,COINBASE
SNXBTC,Synthetix / Bitcoin,0.0001019,0.5923001,6e-7,0.0001019,0.0001014,99.87,16844.66073781,-69.19457543,Sell,COINBASE
1INCHEUR,1Inch / Euro,0.466,0.43103448,0.002,0.466,0.463,51.8,16288.01594935,-29.75623258,Sell,COINBASE
MCO2-usdT,Moss Carbon Credit / Tether,1.96,-1.01010101,-0.02,2.5,1.96,7296.78,16170.40844936,2432.34878063,Sell,COINBASE
ALICE-usd,My Neighbor Alice / United States Dollar,1.324,0.76103501,0.01,1.324,1.323,22.806,16096.080296,-82.23446911,Neutral,COINBASE
OMGEUR,OMG Network / Euro,1.1294,0.99257802,0.0111,1.1294,1.1201,221.4,15894.54745605,-59.06555293,Sell,COINBASE
BICO-usdT,Biconomy / Tether,0.3091,0.5203252,0.0016,0.3095,0.3091,2124.51,15795.3461066,-10.27654196,Sell,COINBASE
WAMPL-usd,Wrapped Ampleforth / United States Dollar,3.36,0,0,3.38,3.36,107.113,15676.97575,-87.80477202,Sell,COINBASE
RADGBP,Radicle / British Pound,1.359,0.14738394,0.002,1.359,1.357,230.98,15555.48576727,170.56000759,Sell,COINBASE
ENJBTC,Enjin Coin / Bitcoin,0.00001808,0.78037904,1.4e-7,0.00001811,0.00001799,593.63,15439.31596613,-19.17301065,Sell,COINBASE
HBAR-usdT,Hedera / Tether,0.04784,0.58873003,0.00028,0.04785,0.04764,8072.9,15434.06514178,-0.29287741,Sell,COINBASE
FORT-usdT,Forta / Tether,0.1635,-2.3880597,-0.004,0.1995,0.1627,88194.19,15273.9418796,34862.52113401,Buy,COINBASE
WBTC-usd,Wrapped Bitcoin / United States Dollar,16900.09,0.25270666,42.6,16900.09,16818.59,0.07075273,15143.39489721,-91.25476719,Sell,COINBASE
POLS-usd,Polkastarter / United States Dollar,0.3731,0.18796992,0.0007,0.3731,0.373,107.65,15123.921177,-66.49395921,Neutral,COINBASE
RAD-usdT,Radicle / Tether,1.65,-2.36686391,-0.04,1.73,1.65,8664.2,14963.85487711,19.57694043,Sell,COINBASE
AERGO-usd,Aergo / United States Dollar,0.1131,0,0,0.1134,0.1131,646.9,14581.33269,-10.68446101,Sell,COINBASE
FIDAEUR,Bonfida / Euro,0.3749,1.57138987,0.0058,0.3749,0.3749,5.2,14440.24655205,1552.56129998,Sell,COINBASE
MIREUR,Mirror Protocol / Euro,0.126,0.8,0.001,0.126,0.126,315.56,13933.66243641,-98.35618982,Sell,COINBASE
SNXGBP,Synthetix / British Pound,1.407,0.78796562,0.011,1.407,1.396,138.779,13932.62278986,-56.15313154,Sell,COINBASE
LRCBTC,Loopring / Bitcoin,0.00001495,-0.39973351,-6e-8,0.00001508,0.00001495,76,13868.35441835,-19.1296526,Buy,COINBASE
WCFG-usd,Wrapped Centrifuge / United States Dollar,0.216,0.46511628,0.001,0.216,0.215,382.06,13536.86949,-16.70513695,Sell,COINBASE
ELA-usd,Elastos / United States Dollar,1.155,0,0,1.155,1.154,152.23,13181.79901,-90.46747499,Neutral,COINBASE
MSOL-usd,Marinade staked SOL / United States Dollar,14.57,2.6056338,0.37,14.57,14.29,171.051,13170.61094,-25.98499083,Neutral,COINBASE
ENSEUR,Ethereum Name Service / Euro,13.31,0.90978014,0.12,13.31,13.3,7,13099.32591303,-74.80059906,Neutral,COINBASE
TIME-usdT,Chrono.tech / Tether,65.87,-3.18930041,-2.17,69.61,65.09,182.612,12477.56463839,-11.72900315,Sell,COINBASE
OMGBTC,OMG Network / Bitcoin,0.00007013,0.30034325,2.1e-7,0.00007013,0.00006972,234.4,12320.98779555,-38.91862832,Sell,COINBASE
ENJ-usdT,Enjin Coin / Tether,0.302,-3.82165605,-0.012,0.326,0.302,38318.17,11976.38750845,117.48806444,Sell,COINBASE
LCX-usdT,LCX Token / Tether,0.0403,-2.18446602,-0.0009,0.0417,0.04,214653,11728.21855556,-0.70616521,Sell,COINBASE
WAXL-usd,Wrapped Axelar / United States Dollar,0.5254,-0.30360531,-0.0016,0.5272,0.5218,6061.11,11538.399405,8.24518432,Sell,COINBASE
LINKETH,Chainlink / Ether,0.00582694,-0.25317842,-0.00001479,0.00583285,0.00581792,5.04,11415.63334767,-69.99107638,Buy,COINBASE
BNT-usd,Bancor / United States Dollar,0.3787,1.0945008,0.0041,0.3787,0.376,524.709242,11074.95712676,-11.54454207,Neutral,COINBASE
BIT-usd,BitDAO / United States Dollar,0.3076,0.72036673,0.0022,0.3076,0.306,2371.58,10855.098456,13.2395834,Sell,COINBASE
DESO-usdT,Decentralized Social / Tether,9.36,0.64516129,0.06,9.39,9.12,108.277,10833.97639097,52.34995891,Sell,COINBASE
ETCGBP,Ether Classic / British Pound,15.83,0.95663265,0.15,15.83,15.72,76.0482011,10758.51406855,-68.79554728,Sell,COINBASE
KRL-usd,kryll / United States Dollar,0.2921,-0.03422313,-0.0001,0.2942,0.2919,459.9,10324.90976,-42.26244217,Sell,COINBASE
ERN-usdT,Ethernity Chain / Tether,2.01,-1.47058824,-0.03,2.3,2.01,4503.054,10222.32874023,49.45130131,Sell,COINBASE
RLY-usdT,Rally / Tether,0.0104,-1.88679245,-0.0002,0.0104,0.0103,40890,10166.2639362,245.06192418,Sell,COINBASE
XTZGBP,Tezos / British Pound,0.812,0.24691358,0.002,0.813,0.812,430.91,10095.29892886,-70.03330592,Sell,COINBASE
NEST-usdT,Nest Protocol / Tether,0.0232,-2.15099114,-0.00051,0.02355,0.02317,433152,10077.02081533,-11.25463298,Buy,COINBASE
ENS-usdT,Ethereum Name Service / Tether,14.01,0.86393089,0.12,14.01,13.98,18.307,10060.35364667,-55.42354309,Buy,COINBASE
REP-usd,Augur / United States Dollar,5.75,1.41093474,0.08,5.8,5.7,313.794001,9902.79279364,-69.01057096,Sell,COINBASE
COMPBTC,Compound / Bitcoin,0.002198,0.27372263,0.000006,0.002201,0.002188,11.506,9843.42780849,-4.50626782,Sell,COINBASE
BNTEUR,Bancor / Euro,0.358,-1.91780822,-0.007,0.372,0.357,25252.885907,9736.66528872,168.99418447,Sell,COINBASE
ZRXBTC,0x / Bitcoin,0.00001125,0.35682426,4e-8,0.00001125,0.00001119,819.99727,9648.90854816,-71.08200578,Sell,COINBASE
FOX-usd,ShapeShift FOX Token / United States Dollar,0.0325,0.61919505,0.0002,0.0331,0.0321,10271.2,9641.1172,20.12860834,Sell,COINBASE
RLCBTC,iExec RLC / Bitcoin,0.0000635,-0.31397174,-2e-7,0.0000638,0.0000635,4.03,9570.11122525,504.67056897,Buy,COINBASE
PAX-usdT,Paxos Standard / Tether,1.0014,-0.99851705,-0.0101,1.0014,0.9941,9562.93,9545.2995162,15606.78211332,Buy,COINBASE
RLYGBP,Rally / British Pound,0.0086,0,0,0.0086,0.0086,102678,9069.99342876,88.42929774,Sell,COINBASE
FILGBP,Filecoin / British Pound,3.63,0.83333333,0.03,3.63,3.62,12.672,8890.93011369,-68.87577293,Sell,COINBASE
ORNBTC,Orion Protocol / Bitcoin,0.0000588,0.34129693,2e-7,0.0000588,0.0000588,2.25,8836.66102798,-76.28331572,Buy,COINBASE
TRBBTC,Tellor / Bitcoin,0.0007965,0.8355488,0.0000066,0.0007965,0.0007921,450.129,8716.45397687,65.42473749,Buy,COINBASE
SAND-usdT,The Sandbox / Tether,0.581,0.6932409,0.004,0.581,0.58,485.93,8683.42739117,-66.7743015,Neutral,COINBASE
CRO-usdT,Crypto.com Coin / Tether,0.0643,0.62597809,0.0004,0.0643,0.0641,939.4,8412.38593508,-14.74065312,Sell,COINBASE
CROEUR,Crypto.com Coin / Euro,0.0606,-1.94174757,-0.0012,0.062,0.0606,94209,8326.45353405,9.64760473,Sell,COINBASE
BICOEUR,Biconomy / Euro,0.2937,0.61664954,0.0018,0.2937,0.2919,2857.7,8260.04141191,-20.91655977,Sell,COINBASE
SNT-usd,Status / United States Dollar,0.02295,-1.07758621,-0.00025,0.02367,0.02279,286720.6,8221.493531,-52.4648199,Sell,COINBASE
SUPER-usdT,SuperFarm / Tether,0.10409,1.53140851,0.00157,0.10409,0.103,38814.73,8175.01883307,134.7242264,Sell,COINBASE
UNIGBP,Uniswap / British Pound,5,0.80645161,0.04,5,5,2.528,8135.80739825,-70.04701096,Neutral,COINBASE
NEST-usd,Nest Protocol / United States Dollar,0.02324,0.04304778,0.00001,0.02336,0.0232,5096,7933.37627,-80.8031583,Buy,COINBASE
DAR-usd,Mines of Dalarnia / United States Dollar,0.136,-0.72992701,-0.001,0.136,0.136,31.79,7626.47544,-54.52613294,Sell,COINBASE
RLYEUR,Rally / Euro,0.0098,-2,-0.0002,0.01,0.0097,133185,7490.00832147,62.75099861,Sell,COINBASE
STX-usdT,Stacks / Tether,0.248,0.81300813,0.002,0.248,0.2468,1128.38,7475.79641507,-9.19312373,Neutral,COINBASE
ALCXEUR,Alchemix / Euro,17.28,1.28956624,0.22,17.35,17.28,3.0575,7207.09916021,46.74274716,Sell,COINBASE
POND-usdT,Marlin / Tether,0.00881,-3.39912281,-0.00031,0.00913,0.00881,768258,6940.2118135,-33.79579981,Sell,COINBASE
SKLEUR,SKALE / Euro,0.0259,0.3875969,0.0001,0.0261,0.0259,48029.1,6858.81953713,-39.3032592,Sell,COINBASE
POWR-usd,Power Ledger / United States Dollar,0.151,0.13262599,0.0002,0.1512,0.1506,535.3,6735.55885,4.24557816,Sell,COINBASE
MTL-usd,Metal / United States Dollar,0.764,0.92470277,0.007,0.764,0.763,297.57,6431.41295,-30.94158568,Neutral,COINBASE
GRTBTC,The Graph / Bitcoin,0.00000373,0.2688172,1e-8,0.00000374,0.00000371,3094.09,6380.17665814,-80.33217653,Sell,COINBASE
POLS-usdT,Polkastarter / Tether,0.3731,-1.5307469,-0.0058,0.3848,0.3726,16745.74,6338.67463717,-62.86229939,Sell,COINBASE
ORN-usdT,Orion Protocol / Tether,0.989,-9.18273646,-0.1,1.149,0.989,5791.29,6205.55618853,-75.56103575,Sell,COINBASE
FX-usd,Function X / United States Dollar,0.1714,-0.5800464,-0.001,0.1722,0.1706,295.2,6176.54004,-40.6135625,Sell,COINBASE
DREP-usd,Drep / United States Dollar,0.3131,-1.44790683,-0.0046,0.317,0.3131,975.14,6029.445645,16.29414667,Sell,COINBASE
RNDREUR,Render Token / Euro,0.4912,3.28006728,0.0156,0.4924,0.4912,12.79,6016.46758341,25.3275025,Neutral,COINBASE
FIS-usdT,Stafi / Tether,0.3117,0.38647343,0.0012,0.3117,0.3043,13254.8,6015.30217554,-45.79493779,Buy,COINBASE
CGLDGBP,Celo / British Pound,0.473,-0.21097046,-0.001,0.488,0.473,1257.15,5965.12844649,-67.45481091,Sell,COINBASE
SPELL-usdT,Spell Token / Tether,0.0006208,-1.97378809,-0.0000125,0.0006441,0.0006208,8886691,5618.4232811,-77.42261198,Strong Sell,COINBASE
BALBTC,Balancer / Bitcoin,0.0003562,0.17154588,6.1e-7,0.00035629,0.00035559,1.27,5550.46810687,-70.22968959,Buy,COINBASE
BNTGBP,Bancor / British Pound,0.3091,-1.02465578,-0.0032,0.3165,0.3091,11517.149077,5338.37496317,-46.43560382,Sell,COINBASE
DDX-usdT,DerivaDAO / Tether,0.4771,-0.39665971,-0.0019,0.478,0.477,90.67,5337.67246901,115.05987385,Sell,COINBASE
IMX-usdT,ImmutableX / Tether,0.4729,-0.16888326,-0.0008,0.4733,0.4729,81.96,5303.11528533,5.89359148,Sell,COINBASE
MATH-usdT,MATH / Tether,0.1157,1.66959578,0.0019,0.1224,0.1138,42481.6,5295.69290627,-62.35402729,Sell,COINBASE
NMRBTC,Numeraire / Bitcoin,0.000684,-0.29154519,-0.000002,0.0006869,0.0006834,1.091,5263.51842925,-54.73721049,Neutral,COINBASE
ANKREUR,Ankr / Euro,0.02055,0.83415113,0.00017,0.02055,0.02055,560,5200.35746737,-96.66012846,Sell,COINBASE
PRQ-usdT,PARSIQ / Tether,0.0821,1.10837438,0.0009,0.0821,0.0818,1349.6,5181.75671606,109.18704485,Neutral,COINBASE
MIRBTC,Mirror Protocol / Bitcoin,0.00000779,-0.12820513,-1e-8,0.00000782,0.00000779,123.28,5152.36819889,-86.4775927,Sell,COINBASE
LCXEUR,LCX Token / Euro,0.0384,-2.29007634,-0.0009,0.0394,0.038,92220.2,5119.69160367,324.25649417,Sell,COINBASE
BCHGBP,Bitcoin Cash / British Pound,89.42,-2.42252292,-2.22,91.14,89.42,45.8751679,5095.42969505,-12.56268861,Sell,COINBASE
BNTBTC,Bancor / Bitcoin,0.00002227,-0.13452915,-3e-8,0.00002244,0.00002227,169,5046.50508257,630.91408526,Sell,COINBASE
RAI-usd,Rai Reflex Index / United States Dollar,2.8,-0.70921986,-0.02,2.83,2.77,1787.97,4974.4201,107.94739685,Strong Sell,COINBASE
SKLGBP,SKALE / British Pound,0.0223,0.90497738,0.0002,0.0223,0.0222,12739,4860.06604732,-52.00579147,Sell,COINBASE
MDT-usdT,Measurable Data Token / Tether,0.0243,-3.87658228,-0.00098,0.02527,0.0243,193001,4825.39209664,-25.80456326,Neutral,COINBASE
SUSHIETH,SushiSwap / Ether,0.0010708,0.26217228,0.0000028,0.0011095,0.0010575,3299.13,4817.59965105,-5.17133085,Buy,COINBASE
XYOEUR,XYO / Euro,0.00408,0.71587262,0.000029,0.00408,0.00408,1800,4669.57525261,-38.33183187,Sell,COINBASE
MINA-usdT,Mina / Tether,0.563,-1.7452007,-0.01,0.587,0.563,4610.742,4580.52311882,156.84913848,Sell,COINBASE
CLVGBP,Clover Finance / British Pound,0.0534,-0.18691589,-0.0001,0.0563,0.0526,67194.19,4450.62140648,-70.37406696,Sell,COINBASE
SUKU-usdT,SUKU / Tether,0.0546,-1.08695652,-0.0006,0.0546,0.0525,80016.9,4447.99980715,-64.51522529,Sell,COINBASE
ZEN-usdT,Horizen / Tether,10.75,1.03383459,0.11,10.92,10.63,393.742,4301.93208111,-72.7219276,Neutral,COINBASE
1INCHGBP,1Inch / British Pound,0.397,-3.17073171,-0.013,0.412,0.395,8589.86,4293.76521787,-41.67862885,Strong Sell,COINBASE
UMABTC,UMA / Bitcoin,0.00009986,0.21073758,2.1e-7,0.00010013,0.00009986,13.983,4247.98412176,66.91581791,Sell,COINBASE
FARM-usdT,Harvest Finance / Tether,35.6,-1.76600442,-0.64,37.12,35.6,116.346,4171.24032682,-54.8667631,Buy,COINBASE
NMRGBP,Numeraire / British Pound,9.46,-0.21097046,-0.02,9.5,9.44,32.924,4100.2628308,-76.9239603,Neutral,COINBASE
ETHDAI,Ether / Dai,1245.41,0.34080472,4.23,1245.41,1242.39,0.0043,3813.12506814,-54.82071172,Sell,COINBASE
TRUEUR,TrueFi / Euro,0.0364,-3.19148936,-0.0012,0.0416,0.0364,92191.9,3691.54082025,913.81707476,Sell,COINBASE
GMT-usdT,STEPN / Tether,0.3873,0.23291925,0.0009,0.388,0.3873,30.36,3661.50440092,75.25714392,Sell,COINBASE
WCFGBTC,Wrapped Centrifuge / Bitcoin,0.00001275,-0.07836991,-1e-8,0.00001276,0.00001275,361.98,3605.72440516,34.7762881,Sell,COINBASE
TRACEUR,OriginTrail / Euro,0.1875,0.26737968,0.0005,0.189,0.1861,903,3594.67170714,117.20368685,Buy,COINBASE
XTZEUR,Tezos / Euro,0.95,0,0,0.95,0.95,163.97,3594.28436874,-18.77558366,Sell,COINBASE
ANKRGBP,Ankr / British Pound,0.01761,0.3990878,0.00007,0.01761,0.01761,4080,3545.67993787,-92.71573103,Sell,COINBASE
HOPR-usd,Hopr Token / United States Dollar,0.0577,1.9434629,0.0011,0.0585,0.0566,2971,3480.22656,-57.90205423,Neutral,COINBASE
OGNBTC,Origin Token / Bitcoin,0.00000626,0.80515298,5e-8,0.00000629,0.00000623,2265.87,3421.86109686,-83.33084123,Sell,COINBASE
ERNEUR,Ethernity Chain / Euro,1.91,1.59574468,0.03,2.19,1.91,1500.483,3231.71915393,625.09750556,Sell,COINBASE
WAMPL-usdT,Wrapped Ampleforth / Tether,3.41,-1.44508671,-0.05,3.48,3.37,873.664,3127.48680103,-53.28971504,Sell,COINBASE
WCFGGBP,Wrapped Centrifuge / British Pound,0.19,0,0,0.19,0.19,12162.77,2958.99029052,317625.5000024,Sell,COINBASE
SHPING-usdT,Shping / Tether,0.005495,3.28947368,0.000175,0.005496,0.005298,516406,2833.19989071,-72.43112764,Neutral,COINBASE
ROSE-usdT,Oasis Network / Tether,0.047,1.29310345,0.0006,0.047,0.0465,3937.8,2803.49937145,-64.61630703,Sell,COINBASE
XYO-usdT,XYO / Tether,0.00429,-0.69444444,-0.00003,0.0044,0.00429,582827.1,2763.76075001,-6.33446577,Sell,COINBASE
KRL-usdT,kryll / Tether,0.2916,-1.31979695,-0.0039,0.2955,0.2912,7676.1,2666.32321956,-66.93385654,Sell,COINBASE
MEDIA-usdT,Media Network / Tether,20.6,-1.95145169,-0.41,21.79,20.31,121.005,2614.88119552,82.25362275,Sell,COINBASE
ELA-usdT,Elastos / Tether,1.155,0.96153846,0.011,1.159,1.143,2162.61,2573.80478915,-91.84992999,Sell,COINBASE
WCFG-usdT,Wrapped Centrifuge / Tether,0.21658,-5.10449985,-0.01165,0.22824,0.21658,7606.58,2525.26650869,96.12530939,Sell,COINBASE
CGLDEUR,Celo / Euro,0.56,0,0,0.56,0.56,40.39,2499.48753786,55.26304554,Neutral,COINBASE
AUCTION-usdT,Bounce Token / Tether,5.04,-0.1980198,-0.01,5.07,5.04,1.436,2492.83309702,-76.91410812,Neutral,COINBASE
KSM-usdT,Kusama / Tether,29.53,0.20359688,0.06,29.61,29.37,5.3292,2482.27829746,19.13420007,Neutral,COINBASE
QSP-usdT,Quantstamp / Tether,0.01235,-3.36463224,-0.00043,0.01284,0.01232,190972,2456.75972832,-63.45666596,Sell,COINBASE
ALCX-usdT,Alchemix / Tether,18.04,0.4454343,0.08,18.04,18.04,0.1553,2417.54876162,92.3864685,Sell,COINBASE
NUGBP,NuCypher / British Pound,0.0864,1.52761457,0.0013,0.088,0.0836,21943.614808,2393.89657505,-24.4371849,Sell,COINBASE
GYEN-usd,GYEN / United States Dollar,0.007204,0.0138831,0.000001,0.007314,0.007201,47586,2378.125386,-99.32010336,Neutral,COINBASE
BOND-usdT,BarnBridge / Tether,4.012,1.46686899,0.058,4.012,4.012,0.433,2377.43174606,-4.61905726,Neutral,COINBASE
ASM-usdT,Assemble Protocol / Tether,0.01228,1.48760331,0.00018,0.01285,0.0121,193741,2367.23093457,-93.26913687,Sell,COINBASE
METIS-usdT,MetisDAO / Tether,18.69,-1.57977883,-0.3,19.07,18.69,113.655,2304.89741076,43.72266389,Sell,COINBASE
NCT-usdT,Polyswarm / Tether,0.00756,1.06951872,0.00008,0.00756,0.00749,8175,2247.0116746,-53.66970604,Sell,COINBASE
ANKRBTC,Ankr / Bitcoin,0.00000127,0,0,0.00000128,0.00000127,120,2243.54422578,-96.90340633,Sell,COINBASE
REPBTC,Augur / Bitcoin,0.0003397,0.65185185,0.0000022,0.0003403,0.000339,35.359867,2230.51889077,-47.98534735,Neutral,COINBASE
DIA-usdT,DIA / Tether,0.33649,-3.52094504,-0.01228,0.35021,0.33649,6288.19,2167.88295709,62.48806379,Sell,COINBASE
DESOEUR,Decentralized Social / Euro,8.9,0.67873303,0.06,8.9,8.61,157.393,1942.14265123,8.22166168,Sell,COINBASE
BADGEREUR,Badger DAO / Euro,2.54,-1.93050193,-0.05,2.59,2.54,431.581,1936.83139972,-59.37572024,Sell,COINBASE
AIOZ-usdT,Aioz Network / Tether,0.0402,-0.4950495,-0.0002,0.0408,0.0402,46349.6,1887.16805252,432.02330315,Sell,COINBASE
LQTY-usdT,Liquity / Tether,0.62,-0.20923869,-0.0013,0.6237,0.6106,2975.85,1844.29924491,55.75427885,Sell,COINBASE
BOBA-usdT,Boba Network / Tether,0.203,-3.74585111,-0.0079,0.2085,0.2011,5418.3,1829.38207933,115.43221059,Strong Sell,COINBASE
BATETH,Basic Attention Token / Ether,0.00018331,-0.42911461,-7.9e-7,0.00018388,0.00018331,5,1731.73131868,-49.35250212,Sell,COINBASE
CTXEUR,Cryptex Finance / Euro,2.13,-1.38888889,-0.03,2.13,2.13,2.793,1730.31939512,-34.36340004,Sell,COINBASE
COVAL-usdT,Circuits of Value / Tether,0.00995,4.62670873,0.00044,0.0105,0.00934,160350,1588.23535869,3611.85485694,Sell,COINBASE
CTX-usdT,Cryptex Finance / Tether,2.24,0.9009009,0.02,2.35,2.24,683.084,1568.08731843,1186.05089701,Sell,COINBASE
DDXEUR,DerivaDAO / Euro,0.46,-2.35618765,-0.0111,0.4897,0.45,3167.62,1561.85911391,-74.873458,Sell,COINBASE
PUNDIX-usd,Pundi X / United States Dollar,0.3874,-0.15463918,-0.0006,0.389,0.3853,334.66,1498.31206,-78.8065763,Sell,COINBASE
API3-usdT,API3 / Tether,1.461,-2.79441118,-0.042,1.514,1.459,944.32,1470.25514212,-42.99104792,Sell,COINBASE
ZENBTC,Horizen / Bitcoin,0.0006392,0.29813275,0.0000019,0.0006392,0.0006392,0.032,1434.95326453,-26.94973221,Buy,COINBASE
ACH-usdT,Alchemy Pay / Tether,0.00966,-2.67002519,-0.000265,0.010085,0.00964,143901.8,1410.96940615,-74.93046548,Sell,COINBASE
DEXT-usdT,DEXTools / Tether,0.1339,-9.58811614,-0.0142,0.1533,0.1339,9202.7,1362.46829917,49.05887097,Buy,COINBASE
MANABTC,Decentraland / Bitcoin,0.0000241,0,0,0.0000242,0.000024,195.85,1242.12223286,-71.3200087,Sell,COINBASE
STG-usdT,Stargate Finance / Tether,0.4158,-0.12010569,-0.0005,0.4158,0.4155,9.4,1181.84129943,-5.05651153,Sell,COINBASE
MANAETH,Decentraland / Ether,0.0003272,-0.15257858,-5e-7,0.0003272,0.0003265,5.16,1090.66973714,-69.15789435,Sell,COINBASE
FOX-usdT,ShapeShift FOX Token / Tether,0.0323,-2.41691843,-0.0008,0.0343,0.0323,31998.1,1084.52612538,78092.16885846,Sell,COINBASE
MINAEUR,Mina / Euro,0.532,-0.18761726,-0.001,0.532,0.532,14.68,1080.72345007,-19.66016071,Sell,COINBASE
BATBTC,Basic Attention Token / Bitcoin,0.00001355,0.14781966,2e-8,0.00001357,0.00001354,22.71,1030.05516973,-94.31092908,Sell,COINBASE
HOPR-usdT,Hopr Token / Tether,0.0588,3.15789474,0.0018,0.0595,0.058,14672.9,972.80804097,114.39903589,Buy,COINBASE
ATA-usdT,Automata Network / Tether,0.1142,-4.19463087,-0.005,0.1206,0.1134,8223,967.32116774,149.56995779,Sell,COINBASE
POWREUR,Power Ledger / Euro,0.1434,-1.37551582,-0.002,0.1459,0.1434,4945.1,824.25390485,-59.54716971,Sell,COINBASE
DREP-usdT,Drep / Tether,0.3178,-0.03145643,-0.0001,0.3178,0.3178,63.87,800.28261772,10605.74497388,Neutral,COINBASE
AGLD-usdT,Adventure Gold / Tether,0.2737,-2.97766749,-0.0084,0.276,0.2715,2936.26,798.95482685,80352.90551983,Neutral,COINBASE
FET-usdT,Fetch.ai / Tether,0.0622,-2.50783699,-0.0016,0.0641,0.062,12501.4,790.13012524,-95.19402448,Sell,COINBASE
GNO-usdT,Gnosis / Tether,91.78,-2.58968372,-2.44,95.66,91.71,8.0402,745.66734706,193.86771576,Neutral,COINBASE
SKLBTC,SKALE / Bitcoin,0.00000161,0,0,0.00000162,0.00000161,9029.8,521.56637521,-53.38326265,Sell,COINBASE
NCTEUR,Polyswarm / Euro,0.00719,1.26760563,0.00009,0.00719,0.00711,10517,508.04492873,-87.88788357,Sell,COINBASE
SHPINGEUR,Shping / Euro,0.005178,3.47721823,0.000174,0.005236,0.005105,91878,500.50858547,-49.67371802,Sell,COINBASE
DIAEUR,DIA / Euro,0.3213,0,0,0.3213,0.3213,123.4,488.48875014,-69.99070604,Sell,COINBASE
WCFGEUR,Wrapped Centrifuge / Euro,0.206,-3.46766635,-0.0074,0.218,0.2044,1043.54,264.47589521,1332.35375399,Strong Sell,COINBASE
CLV-usdT,Clover Finance / Tether,0.0646,-1.52439024,-0.001,0.0646,0.0646,300.75,239.70244208,-77.31338067,Sell,COINBASE
G-usd-usd,Gemini Dollar / United States Dollar,1.001,0.1,0.001,1.001,0.999,212.05,212.14429,-97.40460945,Strong Buy,COINBASE
LQTYEUR,Liquity / Euro,0.5822,-2.29904346,-0.0137,0.5925,0.5821,96.37,181.89402844,-48.21875175,Strong Sell,COINBASE
IOTXEUR,IoTeX (ERC-20) / Euro,0.02614,0.1532567,0.00004,0.02632,0.026,6236,171.33380481,-84.05452414,Sell,COINBASE
BADGER-usdT,Badger DAO / Tether,2.67,-2.90909091,-0.08,2.72,2.67,57.537,158.8289872,-76.1636222,Sell,COINBASE
AUCTIONEUR,Bounce Token / Euro,4.85,-0.20576132,-0.01,5.01,4.85,28.699,148.07850197,-99.7958168,Sell,COINBASE
POWR-usdT,Power Ledger / Tether,0.1507,-0.33068783,-0.0005,0.1507,0.1505,116.7,86.52813996,-38.03078517,Sell,COINBASE
BIT-usdT,BitDAO / Tether,0.3042,-3.12101911,-0.0098,0.315,0.3042,256.17,81.13920439,-88.3234761,Sell,COINBASE
INDEX-usdT,Index Cooperative / Tether,1.95,-2.5,-0.05,1.98,1.94,34.849,68.22836565,-85.61759041,Strong Sell,COINBASE
XYOBTC,XYO / Bitcoin,2.5e-7,0,0,2.5e-7,2.5e-7,356,57.03996173,-61.83799829,Sell,COINBASE
KRLEUR,kryll / Euro,0.2785,0.46897547,0.0013,0.2957,0.2777,66.5,19.4904999,-99.25175374,Sell,COINBASE